Sample,Age.Days,DPE,Treatment,Temperature,Tank.ID,Sex,Pathology.Results,Total.Worm.Count,Repeat.Extract,No.PCR.Product,Treatment.,Temperature.,DPE.,Temp.DPE.,Temp.Treat.,Treat.Temp.DPE.,Path.Res.,Temp.Path.,Shannon__Genus,Simpson__Genus,Richness__Genus,Phylogenetic__Genus,Shannon__Genus_norm,Simpson__Genus_norm,Richness__Genus_norm,Phylogenetic__Genus_norm
1,164,0,0,35,4,1,0,0,0,0,1,3,1,11,5,11,1,5,8.649731287,4.099568237,51,13.63829,0.305170299,0.326126204,0.367823948,0.39209739
2,164,0,0,35,4,0,0,0,0,0,1,3,1,11,5,11,1,5,5.858132167,2.891386264,39,10.99531,0.224832099,0.236920259,0.290837335,0.322138421
3,164,0,0,35,4,0,0,0,0,0,1,3,1,11,5,11,1,5,10.94124946,5.511837432,54,14.79373,0.360885586,0.406146588,0.385962929,0.420426031
4,164,0,0,35,4,0,0,0,0,0,1,3,1,11,5,11,1,5,11.46376974,5.844395244,57,14.828,0.372663817,0.422480884,0.403727697,0.42124818
5,164,0,0,35,4,1,0,0,0,0,1,3,1,11,5,11,1,5,10.65740792,5.212092313,53,14.20418,0.35435751,0.390711706,0.379959609,0.406122814
6,164,0,0,32,12,1,0,0,0,0,1,2,1,6,3,6,1,3,7.960659215,3.928706825,63,15.7726,0.28685579,0.314955307,0.438238797,0.443528765
7,164,0,0,32,12,0,0,0,0,0,1,2,1,6,3,6,1,3,5.195272911,2.640610119,51,14.30045,0.202784872,0.21461841,0.367823948,0.408479451
8,164,0,0,32,12,1,0,0,0,0,1,2,1,6,3,6,1,3,8.298257332,3.753026313,76,18.72353,0.295933149,0.303043304,0.509041107,0.50894512
9,164,0,0,32,12,1,0,0,0,0,1,2,1,6,3,6,1,3,6.299069638,2.97760245,58,15.14419,0.238745491,0.24421913,0.409570863,0.428787098
10,164,0,0,32,12,0,0,0,0,0,1,2,1,6,3,6,1,3,20.62470766,9.11548482,73,18.54334,0.544167927,0.55202022,0.493133726,0.505113176
11,164,0,0,28,9,1,0,0,0,0,1,1,1,1,1,1,1,1,4.611453837,2.438041856,47,12.88764,0.182045657,0.195289362,0.343002931,0.373012552
12,164,0,0,28,9,0,0,0,0,0,1,1,1,1,1,1,1,1,11.17907249,5.1815288,57,14.90962,0.366283911,0.389097051,0.403727697,0.423202262
13,164,0,0,28,9,0,0,0,0,0,1,1,1,1,1,1,1,1,10.10693307,4.138717266,58,16.23215,0.341418854,0.328631541,0.409570863,0.454114933
14,164,0,0,28,9,0,0,0,0,0,1,1,1,1,1,1,1,1,9.249302807,3.913556475,60,15.71602,0.320463108,0.31394555,0.421145093,0.442214254
15,164,0,0,28,9,1,0,0,0,0,1,1,1,1,1,1,1,1,6.345154063,3.015085924,56,13.95802,0.240168304,0.247338122,0.397845959,0.400058544
16,164,0,0,28,7,0,0,0,0,0,1,1,1,1,1,1,1,1,3.729216399,2.283580648,43,11.25192,0.147749014,0.179639199,0.317375801,0.329293148
17,164,0,0,28,7,1,0,0,0,0,1,1,1,1,1,1,1,1,12.28998535,4.898184127,64,16.29231,0.390700166,0.373741532,0.443868469,0.455489068
18,164,0,0,28,7,1,0,0,0,0,1,1,1,1,1,1,1,1,7.401522478,3.026377539,60,15.14822,0.27134321,0.248271424,0.421145093,0.428882649
19,164,0,0,28,7,1,0,0,0,0,1,1,1,1,1,1,1,1,6.024435423,2.864440919,52,13.09656,0.230145169,0.234602302,0.373913659,0.378381547
20,164,0,0,28,7,0,0,0,0,0,1,1,1,1,1,1,1,1,9.538229846,3.86656918,61,15.64621,0.327637874,0.310793243,0.426877872,0.440588945
21,164,0,0,35,2,0,0,0,0,0,1,3,1,11,5,11,1,5,9.876231451,4.931271406,56,15.14701,0.335881187,0.375571879,0.397845959,0.428853961
22,164,0,0,35,2,0,0,0,0,0,1,3,1,11,5,11,1,5,10.70153987,5.598134808,58,15.63539,0.355378726,0.410461769,0.409570863,0.440336695
23,164,0,0,35,2,0,0,0,0,0,1,3,1,11,5,11,1,5,13.19791157,7.175862427,62,16.15498,0.409766995,0.481043706,0.432575514,0.452348346
24,164,0,0,35,2,1,0,0,0,0,1,3,1,11,5,11,1,5,17.47099246,11.45302591,71,18.93513,0.491030812,0.622569097,0.482392388,0.513420399
25,164,0,0,35,2,0,0,0,0,0,1,3,1,11,5,11,1,5,13.04263073,7.659841794,62,15.87466,0.406558375,0.500112432,0.432575514,0.445893657
26,164,0,0,32,5,1,0,0,0,0,1,2,1,6,3,6,1,3,15.60081898,8.027566761,70,18.32259,0.456989142,0.513946864,0.476979215,0.500391935
27,164,0,0,32,5,1,0,0,0,0,1,2,1,6,3,6,1,3,11.37780445,5.626241262,63,16.83307,0.370746659,0.411855346,0.438238797,0.467723031
28,164,0,0,32,5,1,0,0,0,0,1,2,1,6,3,6,1,3,8.59348992,3.413332496,66,16.54095,0.30370627,0.278641637,0.455029831,0.461140273
29,164,0,0,32,5,0,0,0,0,0,1,2,1,6,3,6,1,3,12.6273695,5.978502499,61,16.124,0.39787304,0.428851436,0.426877872,0.451637902
30,164,0,0,32,5,1,0,0,0,0,1,2,1,6,3,6,1,3,3.449617701,1.788365128,41,11.2308,0.135961223,0.12274899,0.304227987,0.328707542
31,164,0,1,35,11,0,0,0,0,0,2,3,1,11,6,26,1,5,14.44434545,6.402248489,79,20.64385,0.434802864,0.44823462,0.524714679,0.548636535
32,164,0,1,35,11,0,0,0,0,0,2,3,1,11,6,26,1,5,7.637274971,3.926986444,54,13.84084,0.277959851,0.314840807,0.385962929,0.397152032
33,164,0,1,35,11,1,0,0,0,0,2,3,1,11,6,26,1,5,8.133222059,4.350384337,49,13.15928,0.291521569,0.341848094,0.355508447,0.379984587
34,164,0,1,35,11,0,0,0,0,0,2,3,1,11,6,26,1,5,11.59195701,6.129932558,61,14.88032,0.375507962,0.435904691,0.426877872,0.422501432
35,164,0,1,35,11,0,0,0,0,0,2,3,1,11,6,26,1,5,8.956493155,5.117847233,57,13.83233,0.313065023,0.385707385,0.403727697,0.39694045
36,164,0,1,32,1,1,0,0,0,0,2,2,1,6,4,21,1,3,12.08913863,5.529193973,59,15.69615,0.386378589,0.407018934,0.415376371,0.44175203
37,164,0,1,32,1,1,0,0,0,0,2,2,1,6,4,21,1,3,21.02989917,13.00497499,79,20.52865,0.550661516,0.663080545,0.524714679,0.546311574
38,164,0,1,32,1,1,0,0,0,0,2,2,1,6,4,21,1,3,16.16035229,8.804011423,75,17.36053,0.467398772,0.541520731,0.503765257,0.479458864
39,164,0,1,32,1,1,0,0,0,0,2,2,1,6,4,21,1,3,19.56490795,12.29928193,76,18.30532,0.526844358,0.645183803,0.509041107,0.50002132
40,164,0,1,32,1,0,0,0,0,0,2,2,1,6,4,21,1,3,7.198654528,3.977092715,56,15.11828,0.265556101,0.318158813,0.397845959,0.428172453
41,164,0,1,28,6,1,0,0,0,0,2,1,1,1,2,16,1,1,8.209731875,4.008124194,54,13.83801,0.293572826,0.320196445,0.385962929,0.397081678
42,164,0,1,28,6,1,0,0,0,0,2,1,1,1,2,16,1,1,17.16298423,9.807200045,73,19.39395,0.485567271,0.574318447,0.493133726,0.523034969
43,164,0,1,28,6,1,0,0,0,0,2,1,1,1,2,16,1,1,8.186839912,3.786966578,55,14.62877,0.29296019,0.305379958,0.3919247,0.416454524
44,164,0,1,28,6,0,0,0,0,0,2,1,1,1,2,16,1,1,8.676934865,3.795538781,60,15.91417,0.305876561,0.305967387,0.421145093,0.446807023
45,164,0,1,28,6,0,0,0,0,0,2,1,1,1,2,16,1,1,7.944810611,3.649994556,58,16.12129,0.286424495,0.295841557,0.409570863,0.451575721
46,164,0,1,28,10,1,0,0,0,0,2,1,1,1,2,16,1,1,8.6699672,3.323461089,65,15.45913,0.305695782,0.271851554,0.449465249,0.436214503
47,164,0,1,28,10,0,0,0,0,0,2,1,1,1,2,16,1,1,9.752683145,3.796539982,65,15.73094,0.332886306,0.306035925,0.449465249,0.442561128
48,164,0,1,28,10,0,0,0,0,0,2,1,1,1,2,16,1,1,9.66031086,3.613254291,68,15.97759,0.330633491,0.293232881,0.466065055,0.448270638
49,164,0,1,28,10,1,0,0,0,0,2,1,1,1,2,16,1,1,13.98539817,5.622117833,73,18.75074,0.425728065,0.411651258,0.493133726,0.509522086
50,164,0,1,28,10,0,0,0,0,0,2,1,1,1,2,16,1,1,2.381131191,1.574247945,34,9.29191,0.08522091,0.09402176,0.256179099,0.27224238
51,164,0,1,35,3,1,0,0,0,0,2,3,1,11,6,26,1,5,13.60537251,6.73628802,66,15.85375,0.418089042,0.462781676,0.455029831,0.445409791
52,164,0,1,35,3,0,0,0,0,0,2,3,1,11,6,26,1,5,18.43306745,10.73679065,74,17.62292,0.507763186,0.602324901,0.498462961,0.48522725
53,164,0,1,35,3,0,0,0,0,0,2,3,1,11,6,26,1,5,9.365130157,4.56423839,52,13.68242,0.323353984,0.354672974,0.373913659,0.393201996
54,164,0,1,35,3,1,0,0,0,0,2,3,1,11,6,26,1,5,17.39459287,8.097024229,81,21.23908,0.489680586,0.51650104,0.535039867,0.560542339
55,164,0,1,35,3,0,0,0,0,0,2,3,1,11,6,26,1,5,20.00456549,12.35151619,69,18.39727,0.534092176,0.646537132,0.471536965,0.501992463
56,164,0,1,32,8,1,0,0,0,0,2,2,1,6,4,21,1,3,12.57138931,5.569419011,76,20.28415,0.396690245,0.409032005,0.509041107,0.541354282
57,164,0,1,32,8,1,0,0,0,0,2,2,1,6,4,21,1,3,10.20390635,4.729572145,65,17.02148,0.343725795,0.364252504,0.449465249,0.471936972
58,164,0,1,32,8,1,0,0,0,0,2,2,1,6,4,21,1,3,11.78795193,5.190812355,63,15.6124,0.379823341,0.389588326,0.438238797,0.439800416
59,164,0,1,32,8,0,0,0,0,0,2,2,1,6,4,21,1,3,5.984616629,3.320362992,55,14.22504,0.228880455,0.271614795,0.3919247,0.406634166
60,164,0,1,32,8,0,0,0,0,0,2,2,1,6,4,21,1,3,10.11483627,4.474179224,63,16.35729,0.341607321,0.349333844,0.438238797,0.456970308
62,178,14,0,35,4,0,0,0,0,0,1,3,2,12,5,12,1,5,13.77465594,8.363023346,53,14.88553,0.421506171,0.526118515,0.379959609,0.422626104
63,178,14,0,35,4,0,0,0,0,0,1,3,2,12,5,12,1,5,11.57909837,6.055030128,49,13.85732,0.375223445,0.432434103,0.355508447,0.397561578
64,178,14,0,35,4,1,0,0,1,0,1,3,2,12,5,12,1,5,12.33681988,7.37667657,50,12.72508,0.391702298,0.489080792,0.361689291,0.368803266
65,178,14,0,35,4,1,0,0,0,0,1,3,2,12,5,12,1,5,11.0308635,6.357953534,50,14.09193,0.362927234,0.446258874,0.361689291,0.403364382
66,178,14,0,32,12,0,0,0,0,0,1,2,2,7,3,7,1,3,12.87456716,5.622894257,69,17.46413,0.403061855,0.411689696,0.471536965,0.48174184
67,178,14,0,32,12,0,0,0,0,0,1,2,2,7,3,7,1,3,17.32125431,8.485377667,67,18.08294,0.488381387,0.53045784,0.460562885,0.495232541
68,178,14,0,32,12,0,0,0,0,0,1,2,2,7,3,7,1,3,14.35120821,6.194539768,65,17.21788,0.432974224,0.438870261,0.449465249,0.476303629
69,178,14,0,32,12,0,0,0,0,0,1,2,2,7,3,7,1,3,14.21977967,6.970233173,67,16.74169,0.43038264,0.47261927,0.460562885,0.465670327
70,178,14,0,32,12,0,0,0,0,0,1,2,2,7,3,7,1,3,17.91652634,10.18318454,76,20.12531,0.498840905,0.585899261,0.509041107,0.538116939
71,178,14,0,28,9,0,0,0,0,0,1,1,2,2,1,2,1,1,16.20192745,8.425065136,79,19.37931,0.468164273,0.52832534,0.524714679,0.522730044
72,178,14,0,28,9,0,0,0,0,0,1,1,2,2,1,2,1,1,20.58372574,11.43110502,74,19.01848,0.543507259,0.621965218,0.498462961,0.515176015
73,178,14,0,28,9,1,0,0,0,0,1,1,2,2,1,2,1,1,14.9049819,7.167858623,69,18.55634,0.443752963,0.480719546,0.471536965,0.505390289
74,178,14,0,28,9,0,0,0,0,0,1,1,2,2,1,2,1,1,15.95238874,9.001417912,63,16.78601,0.463553292,0.548209976,0.438238797,0.466666637
76,178,14,0,28,7,0,0,0,0,0,1,1,2,2,1,2,1,1,21.66436272,14.67465827,66,16.17406,0.560692658,0.702431659,0.455029831,0.45278554
78,178,14,0,28,7,0,0,0,0,0,1,1,2,2,1,2,1,1,9.12310769,4.579356857,50,13.25206,0.317290712,0.355560732,0.361689291,0.382348583
79,178,14,0,28,7,0,0,0,0,0,1,1,2,2,1,2,1,1,10.95510621,4.853950264,59,14.95476,0.361201879,0.371278568,0.415376371,0.424280558
80,178,14,0,28,7,0,0,0,0,0,1,1,2,2,1,2,1,1,16.35587006,8.949800132,64,17.04955,0.47098937,0.546472653,0.443868469,0.47256268
81,178,14,0,35,2,0,0,0,0,0,1,3,2,12,5,12,1,5,8.889280455,4.490367735,45,13.43942,0.311348139,0.350300071,0.330296185,0.387096091
82,178,14,0,35,2,1,0,0,0,0,1,3,2,12,5,12,1,5,15.21504456,9.607939144,65,17.01647,0.449692038,0.568031704,0.449465249,0.471825237
83,178,14,0,35,2,0,0,0,0,0,1,3,2,12,5,12,1,5,7.128211689,3.516887995,45,12.54196,0.263525669,0.286285084,0.330296185,0.36402765
84,178,14,0,35,2,1,0,0,0,0,1,3,2,12,5,12,1,5,12.98059612,7.481919505,54,14.09996,0.405270663,0.493221025,0.385962929,0.403562093
85,178,14,0,35,2,0,0,0,0,0,1,3,2,12,5,12,1,5,15.36018021,9.200695153,55,14.74956,0.452449157,0.554840966,0.3919247,0.419364902
86,178,14,0,32,5,0,0,0,0,0,1,2,2,7,3,7,1,3,6.908263861,3.449462409,52,14.06241,0.257113925,0.281329856,0.373913659,0.402637043
87,178,14,0,32,5,0,0,0,0,0,1,2,2,7,3,7,1,3,5.562554037,2.983974343,45,13.55351,0.215180124,0.24475161,0.330296185,0.389970007
88,178,14,0,32,5,0,0,0,0,0,1,2,2,7,3,7,1,3,10.18901512,4.91191678,64,17.03338,0.343372327,0.37450244,0.443868469,0.472202301
89,178,14,0,32,5,0,0,0,0,0,1,2,2,7,3,7,1,3,7.633339243,3.63096612,59,15.83406,0.27785032,0.294493195,0.415376371,0.44495385
90,178,14,0,32,5,0,0,0,0,0,1,2,2,7,3,7,1,3,6.744277822,4.132141865,51,14.62025,0.252260128,0.328212119,0.367823948,0.416248763
91,178,14,1,35,11,0,0,0,0,0,2,3,2,12,6,27,1,5,9.932957691,5.331308338,78,18.92241,0.337249361,0.396936106,0.519515362,0.513152119
92,178,14,1,35,11,0,0,0,0,0,2,3,2,12,6,27,1,5,9.750091201,5.121952044,80,20.51249,0.332823253,0.385926923,0.529889373,0.545984886
93,178,14,1,35,11,0,0,0,0,0,2,3,2,12,6,27,1,5,17.98386199,9.820698516,81,19.49452,0.500011952,0.574740505,0.535039867,0.525126405
94,178,14,1,35,11,1,0,0,0,0,2,3,2,12,6,27,1,5,5.406808826,3.250714381,52,13.58227,0.209980635,0.266243455,0.373913659,0.390692462
95,178,14,1,35,11,1,0,0,0,0,2,3,2,12,6,27,1,5,8.272937961,4.71782571,71,19.65101,0.295259487,0.363581103,0.482392388,0.52836951
96,178,14,1,32,1,0,0,0,0,0,2,2,2,7,4,22,1,3,32.49362028,17.93243756,132,32.99558,0.711778334,0.769611596,0.772734808,0.767169363
97,178,14,1,32,1,0,0,0,0,0,2,2,2,7,4,22,1,3,18.59335977,7.679153522,121,30.08663,0.510503912,0.500852458,0.724904824,0.720229686
98,178,14,1,32,1,0,0,0,0,0,2,2,2,7,4,22,1,3,12.91572726,6.465798845,94,24.85386,0.403920491,0.451049636,0.599965709,0.629354102
99,178,14,1,32,1,1,0,0,0,0,2,2,2,7,4,22,1,3,29.50255573,15.78300161,120,29.8476,0.673248056,0.726557203,0.720477397,0.716268679
100,178,14,1,32,1,0,1,2,0,0,2,2,2,7,4,22,2,4,2.146476244,2.039226283,26,10.24079,0.072471177,0.152997002,0.196426311,0.300577797
102,178,14,1,28,6,1,1,3,0,0,2,1,2,2,2,17,2,2,42.64930114,15.97340025,189,49.52436,0.829739471,0.730560013,1,1
103,178,14,1,28,6,0,0,0,0,0,2,1,2,2,2,17,1,1,10.79756482,3.121161507,135,34.67987,0.357592776,0.255994499,0.785516589,0.793357708
105,178,14,1,28,6,1,0,0,0,0,2,1,2,2,2,17,1,1,2.346298937,1.382441098,43,12.17226,0.083373453,0.065405232,0.317375801,0.354273332
106,178,14,1,28,10,1,1,10,0,0,2,1,2,2,2,17,2,2,60.0274315,33.96062726,152,38.13249,1,1,0.856031581,0.845029455
107,178,14,1,28,10,0,1,7,0,0,2,1,2,2,2,17,2,2,39.55128569,24.88801281,74,19.49512,0.795571172,0.884648271,0.498462961,0.525138865
108,178,14,1,28,10,0,0,0,0,0,2,1,2,2,2,17,1,1,21.27663871,10.48532025,125,31.74494,0.554582094,0.594952489,0.742479055,0.747266385
109,178,14,1,28,10,1,0,0,0,0,2,1,2,2,2,17,1,1,16.24446196,4.740181605,161,43.13869,0.468946321,0.364857736,0.892160202,0.915765918
110,178,14,1,28,10,0,1,1,0,0,2,1,2,2,2,17,2,2,1.920464691,1.58709096,7,2.59752,0.059443787,0.09583303,0.013240357,0
111,178,14,1,35,3,0,0,0,0,0,2,3,2,12,6,27,1,5,22.01409422,11.82452986,103,25.38593,0.566153065,0.632661067,0.642949307,0.639027004
112,178,14,1,35,3,1,0,0,0,0,2,3,2,12,6,27,1,5,17.48661898,10.29994254,105,23.78104,0.491306582,0.589423752,0.652306958,0.609514224
114,178,14,1,35,3,0,0,0,0,0,2,3,2,12,6,27,1,5,29.04500862,17.91656864,118,30.53518,0.667167504,0.769309732,0.711580811,0.727618343
115,178,14,1,35,3,0,0,0,0,0,2,3,2,12,6,27,1,5,16.60072164,8.349185559,98,23.6115,0.475452826,0.525624464,0.619251851,0.606336203
116,178,14,1,32,8,0,1,9,0,0,2,2,2,7,4,22,2,4,52.76525049,28.39969456,169,42.71089,0.932671017,0.932868586,0.923643219,0.909895604
117,178,14,1,32,8,1,1,7,0,0,2,2,2,7,4,22,2,4,58.1514206,31.31169727,175,45.11017,0.983057116,0.969252724,0.946889866,0.942431782
118,178,14,1,32,8,1,1,15,0,0,2,2,2,7,4,22,2,4,35.08089154,15.10610959,112,28.26252,0.743560622,0.711996232,0.684545221,0.689569755
119,178,14,1,32,8,1,0,0,0,0,2,2,2,7,4,22,1,3,1.251584581,1.067168769,35,10.50864,0.014976963,0.010298243,0.263256056,0.308324282
120,178,14,1,32,8,0,0,0,0,0,2,2,2,7,4,22,1,3,12.36126681,3.597869903,141,36.01552,0.392224566,0.292134036,0.810765062,0.813653905
121,185,21,0,35,4,0,0,0,0,0,1,3,3,13,5,13,1,5,8.936359789,4.60337851,49,13.47809,0.312551481,0.356966326,0.355508447,0.388071615
122,185,21,0,35,4,0,0,0,0,0,1,3,3,13,5,13,1,5,11.69758686,6.426947145,54,14.82826,0.377838642,0.449331395,0.385962929,0.421254413
123,185,21,0,35,4,0,0,0,0,0,1,3,3,13,5,13,1,5,9.559744208,4.756479954,48,14.03686,0.328167316,0.365785326,0.349280116,0.402006873
124,185,21,0,35,4,1,0,0,0,0,1,3,3,13,5,13,1,5,11.70987325,6.434192061,57,14.8228,0.378108984,0.449652454,0.403727697,0.421123494
125,185,21,0,35,4,1,0,0,0,0,1,3,3,13,5,13,1,5,11.86459435,7.374174562,57,14.84293,0.381500098,0.488981772,0.403727697,0.421606043
126,185,21,0,32,12,0,0,0,0,0,1,2,3,8,3,8,1,3,9.379431169,4.088359601,62,16.12152,0.323709549,0.325405275,0.432575514,0.451580998
127,185,21,0,32,12,1,0,0,0,0,1,2,3,8,3,8,1,3,16.05182823,8.866361493,65,17.05538,0.465395458,0.543646758,0.449465249,0.472692569
128,185,21,0,32,12,1,0,0,0,0,1,2,3,8,3,8,1,3,8.082833441,3.699464584,57,14.96762,0.29016483,0.299320076,0.403727697,0.424587442
129,185,21,0,32,12,0,0,0,0,0,1,2,3,8,3,8,1,3,11.49198305,5.083349793,64,17.45265,0.373291293,0.383856587,0.443868469,0.481489212
130,185,21,0,32,12,0,0,0,0,0,1,2,3,8,3,8,1,3,11.51290386,5.078264069,69,17.4069,0.373756034,0.383582861,0.471536965,0.480481576
131,185,21,0,28,9,1,0,0,0,0,1,1,3,3,1,3,1,1,8.96849602,4.767379703,61,16.79213,0.313370878,0.366404202,0.426877872,0.466804105
132,185,21,0,28,9,0,0,0,0,0,1,1,3,3,1,3,1,1,12.86545423,6.151515438,72,19.22617,0.402871548,0.436898235,0.487777044,0.519533133
133,185,21,0,28,9,0,0,0,0,0,1,1,3,3,1,3,1,1,5.931119573,2.888667157,60,16.32506,0.227173988,0.23668716,0.421145093,0.456236002
134,185,21,0,28,9,0,0,0,0,0,1,1,3,3,1,3,1,1,33.70588204,21.27252182,106,27.25851,0.726836785,0.828734063,0.656960697,0.672249733
135,185,21,0,28,9,1,0,0,0,0,1,1,3,3,1,3,1,1,6.860032669,3.595173149,56,14.50465,0.255692978,0.291941019,0.397845959,0.413450739
136,185,21,0,28,7,1,0,0,0,0,1,1,3,3,1,3,1,1,18.60273772,9.822810392,68,17.74306,0.510663856,0.574806493,0.466065055,0.487853357
137,185,21,0,28,7,1,0,0,0,0,1,1,3,3,1,3,1,1,8.155034914,4.552202441,53,14.88317,0.292107458,0.353964486,0.379959609,0.422569633
138,185,21,0,28,7,1,0,0,0,0,1,1,3,3,1,3,1,1,15.59897391,7.549633181,68,17.76566,0.456954479,0.495859533,0.466065055,0.48834632
139,185,21,0,28,7,0,0,0,0,0,1,1,3,3,1,3,1,1,8.796681063,4.174810815,63,16.80493,0.308971039,0.33092408,0.438238797,0.467091536
140,185,21,0,28,7,0,0,0,0,0,1,1,3,3,1,3,1,1,12.2934018,5.543477418,69,17.75829,0.39077334,0.407735131,0.471536965,0.488185598
142,185,21,0,35,2,0,0,0,0,0,1,3,3,13,5,13,1,5,6.079211601,2.971159789,41,11.04028,0.231877466,0.243679779,0.304227987,0.323398548
143,185,21,0,35,2,0,0,0,0,0,1,3,3,13,5,13,1,5,10.00796212,4.494930232,50,13.32881,0.339051802,0.350571869,0.361689291,0.384297582
144,185,21,0,35,2,0,0,0,0,0,1,3,3,13,5,13,1,5,10.49414066,5.860033448,55,14.3899,0.350559135,0.423229926,0.3919247,0.410661685
145,185,21,0,35,2,0,0,0,0,0,1,3,3,13,5,13,1,5,14.0373237,7.491116697,56,14.76894,0.42676293,0.493580553,0.397845959,0.419830687
146,185,21,0,32,5,0,0,0,0,0,1,2,3,8,3,8,1,3,16.14533568,9.268407415,63,17.78655,0.467122013,0.55706714,0.438238797,0.48880169
147,185,21,0,32,5,0,0,0,0,0,1,2,3,8,3,8,1,3,7.254184897,3.37138441,60,17.16561,0.267149009,0.275490911,0.421145093,0.475144049
148,185,21,0,32,5,1,0,0,0,0,1,2,3,8,3,8,1,3,12.80199055,5.746821738,66,18.26266,0.401544158,0.417769579,0.455029831,0.499105048
149,185,21,0,32,5,0,0,0,0,0,1,2,3,8,3,8,1,3,11.11896207,4.914608967,63,17.44562,0.364925482,0.374651404,0.438238797,0.481334468
150,185,21,0,32,5,0,0,0,0,0,1,2,3,8,3,8,1,3,16.83041134,8.56821075,71,19.10628,0.479607095,0.533366323,0.482392388,0.517021
151,185,21,1,35,11,1,0,0,0,0,2,3,3,13,6,28,1,5,7.995758411,3.665382669,23,6.11595,0.28780928,0.296927729,0.172280325,0.16423717
152,185,21,1,35,11,1,0,0,0,0,2,3,3,13,6,28,1,5,15.03519787,6.729242009,92,23.12428,0.446255375,0.46248104,0.59020741,0.597136008
153,185,21,1,35,11,0,0,0,0,0,2,3,3,13,6,28,1,5,12.1975669,6.235774629,77,19.85939,0.38871648,0.440749691,0.514290988,0.532667009
155,185,21,1,35,11,1,0,0,0,0,2,3,3,13,6,28,1,5,10.61647869,5.008270318,84,20.591,0.353408324,0.379792457,0.550350187,0.547570767
156,185,21,1,32,1,1,0,0,0,0,2,2,3,8,4,23,1,3,39.12661845,21.55550746,124,33.56223,0.790774226,0.833382442,0.738105517,0.776056692
158,185,21,1,32,1,0,0,0,0,0,2,2,3,8,4,23,1,3,11.20736023,4.921322443,95,25.80698,0.366921792,0.375022583,0.604815634,0.646606391
160,185,21,1,32,1,1,0,0,0,0,2,2,3,8,4,23,1,3,9.942496889,4.574599792,90,21.91079,0.337479013,0.355281658,0.580369228,0.573769397
161,185,21,1,28,6,0,1,8,0,0,2,1,3,3,2,18,2,2,1.615836042,1.163918332,54,16.29322,0.040469687,0.028496761,0.385962929,0.455509833
163,185,21,1,28,6,1,0,0,0,0,2,1,3,3,2,18,1,1,1.080229229,1.021312812,10,3.52303,0.001560648,0.001192905,0.049238948,0.050966459
164,185,21,1,28,6,1,1,5,0,0,2,1,3,3,2,18,2,2,1.592705316,1.193564594,21,7.59997,0.038951391,0.033823055,0.155522426,0.217657888
166,185,21,1,28,10,1,0,0,0,0,2,1,3,3,2,18,1,1,2.197730602,1.710214337,32,9.98019,0.075319058,0.112610223,0.241786393,0.292938216
171,185,21,1,35,3,0,0,0,0,0,2,3,3,13,6,28,1,5,15.01658834,7.512243483,85,22.30226,0.44589848,0.494405044,0.555407862,0.581380027
172,185,21,1,35,3,0,0,0,0,0,2,3,3,13,6,28,1,5,8.702166092,4.113763425,72,18.58945,0.30653053,0.327036895,0.487777044,0.506095612
173,185,21,1,35,3,0,0,0,0,0,2,3,3,13,6,28,1,5,13.48091013,6.438425629,83,21.07323,0.41556172,0.449839928,0.545269882,0.557242802
174,185,21,1,35,3,0,0,0,0,0,2,3,3,13,6,28,1,5,9.91732677,6.150306474,64,18.07174,0.33687279,0.436842658,0.443868469,0.494990542
176,185,21,1,32,8,1,1,11,0,0,2,2,3,8,4,23,2,4,1.606945969,1.27133983,34,10.96161,0.039887568,0.04729477,0.256179099,0.321192322
177,185,21,1,32,8,1,0,0,0,0,2,2,3,8,4,23,1,3,2.251435625,1.581061497,30,8.43512,0.078264184,0.094984197,0.227052107,0.245320361
178,185,21,1,32,8,0,1,2,0,0,2,2,3,8,4,23,2,4,26.04606832,15.38453996,114,29.05018,0.625939769,0.718049589,0.6936161,0.702932622
179,185,21,1,32,8,0,0,0,0,0,2,2,3,8,4,23,1,3,27.45017681,15.68472525,122,29.85684,0.645550721,0.724475498,0.729318551,0.716422106
181,192,28,0,35,4,1,0,0,0,0,1,3,4,14,5,14,1,5,13.03943359,7.813078044,54,14.89796,0.406492092,0.505942628,0.385962929,0.422923452
182,192,28,0,35,4,1,0,0,0,0,1,3,4,14,5,14,1,5,12.3756013,6.786187901,60,15.57874,0.392530534,0.464903395,0.421145093,0.439014494
183,192,28,0,35,4,1,0,0,0,0,1,3,4,14,5,14,1,5,14.3070587,8.437177641,61,15.74279,0.43210512,0.528754616,0.426877872,0.442836505
184,192,28,0,35,4,0,0,0,0,0,1,3,4,14,5,14,1,5,14.51189734,8.997619014,63,16.32614,0.436125112,0.548082396,0.438238797,0.45626062
185,192,28,0,35,4,1,0,0,0,0,1,3,4,14,5,14,1,5,13.38766873,8.418023146,58,14.91596,0.413659949,0.528075532,0.409570863,0.423353814
186,192,28,0,32,12,1,0,0,0,0,1,2,4,9,3,9,1,3,14.85486052,8.521091802,66,17.66909,0.442786557,0.531714715,0.455029831,0.486237576
187,192,28,0,32,12,1,0,0,0,0,1,2,4,9,3,9,1,3,16.05594142,9.438413434,62,16.04015,0.465471522,0.562597856,0.432575514,0.44971142
188,192,28,0,32,12,1,0,0,0,0,1,2,4,9,3,9,1,3,15.91001724,9.47491646,65,17.25156,0.46276642,0.563774659,0.449465249,0.477049821
189,192,28,0,32,12,1,0,0,0,0,1,2,4,9,3,9,1,3,11.10129723,5.608951734,62,16.69349,0.364525509,0.410998777,0.432575514,0.464585221
190,192,28,0,32,12,0,0,0,0,0,1,2,4,9,3,9,1,3,11.52286565,6.153385927,70,18.27262,0.373977165,0.436984205,0.476979215,0.499319074
191,192,28,0,28,9,1,0,0,0,0,1,1,4,4,1,4,1,1,17.94648713,9.594101397,77,21.03126,0.499362257,0.567591137,0.514290988,0.556405662
192,192,28,0,28,9,1,0,0,0,0,1,1,4,4,1,4,1,1,18.10935106,7.754082379,75,19.70825,0.502187936,0.503709277,0.503765257,0.529552365
193,192,28,0,28,9,0,0,0,0,0,1,1,4,4,1,4,1,1,14.54882622,6.888954346,75,19.183,0.43684652,0.469232735,0.503765257,0.518629514
194,192,28,0,28,9,1,0,0,0,0,1,1,4,4,1,4,1,1,16.35012234,8.842004508,68,17.97073,0.470884153,0.542817701,0.466065055,0.492804448
195,192,28,0,28,9,1,0,0,0,0,1,1,4,4,1,4,1,1,16.62705289,8.633041016,68,18.28951,0.475930663,0.535626541,0.466065055,0.499681876
196,192,28,0,28,7,0,0,0,0,0,1,1,4,4,1,4,1,1,13.02130899,6.543598049,69,18.25006,0.40611616,0.454464905,0.471536965,0.498834204
197,192,28,0,28,7,1,0,0,0,0,1,1,4,4,1,4,1,1,19.5575101,10.29513491,74,19.30827,0.526721641,0.589279279,0.498462961,0.521248687
198,192,28,0,28,7,1,0,0,0,0,1,1,4,4,1,4,1,1,19.54925396,11.37842129,76,19.35268,0.526584656,0.620509962,0.509041107,0.522175078
199,192,28,0,28,7,1,0,0,0,0,1,1,4,4,1,4,1,1,20.56894317,12.83308979,69,18.04019,0.543268773,0.658796669,0.471536965,0.494308416
200,192,28,0,28,7,0,0,0,0,0,1,1,4,4,1,4,1,1,10.29418948,4.893894916,64,16.58024,0.345862766,0.373503512,0.443868469,0.462029184
201,192,28,0,35,2,0,0,0,0,0,1,3,4,14,5,14,1,5,14.32137822,8.266679742,62,15.77591,0.432387168,0.522664654,0.432575514,0.443605589
202,192,28,0,35,2,1,0,0,0,0,1,3,4,14,5,14,1,5,15.73706382,9.500377337,72,18.33492,0.459542526,0.564593267,0.487777044,0.500656425
203,192,28,0,35,2,0,0,0,0,0,1,3,4,14,5,14,1,5,11.18673058,5.351639878,70,17.68744,0.366456686,0.397986153,0.476979215,0.486638739
204,192,28,0,35,2,0,0,0,0,0,1,3,4,14,5,14,1,5,14.34799569,7.780852773,59,15.11711,0.432911034,0.504724433,0.415376371,0.428144685
206,192,28,0,32,5,1,0,0,0,0,1,2,4,9,3,9,1,3,10.37345905,4.529791697,75,19.21562,0.347730567,0.352641164,0.503765257,0.519312403
207,192,28,0,32,5,0,0,0,0,0,1,2,4,9,3,9,1,3,17.88502785,9.517060267,77,19.88266,0.498292279,0.565128669,0.514290988,0.533145442
208,192,28,0,32,5,0,0,0,0,0,1,2,4,9,3,9,1,3,13.91085444,6.897887978,61,16.34205,0.424238722,0.469606568,0.426877872,0.456623185
209,192,28,0,32,5,1,0,0,0,0,1,2,4,9,3,9,1,3,16.53397494,8.284439121,72,18.40602,0.474239695,0.523303805,0.487777044,0.502179768
211,192,28,1,35,11,1,0,0,0,0,2,3,4,14,6,29,1,5,9.851328064,5.531160335,68,17.78521,0.33527918,0.407117621,0.466065055,0.488772489
212,192,28,1,35,11,1,0,0,0,0,2,3,4,14,6,29,1,5,9.592732661,4.449838904,70,18.14896,0.328977851,0.347875624,0.476979215,0.496657441
213,192,28,1,35,11,1,0,0,0,0,2,3,4,14,6,29,1,5,17.89497846,10.61940945,82,23.42057,0.498465651,0.598901541,0.540166571,0.60274285
214,192,28,1,35,11,1,1,1,0,0,2,3,4,14,6,29,2,6,5.826405136,3.694484635,54,15.14684,0.223809097,0.298971651,0.385962929,0.428849931
216,192,28,1,32,1,1,1,4,0,0,2,2,4,9,4,24,2,4,8.288705607,4.446482469,54,14.8371,0.295679143,0.347674026,0.385962929,0.421466324
218,192,28,1,32,1,0,0,0,0,0,2,2,4,9,4,24,1,3,19.82868961,10.18489774,101,26.95393,0.531203455,0.585951217,0.633523264,0.666929473
219,192,28,1,32,1,0,0,0,0,0,2,2,4,9,4,24,1,3,19.39010028,9.43434609,99,25.26091,0.523937758,0.562466498,0.62402696,0.636763812
220,192,28,1,32,1,1,1,11,0,0,2,2,4,9,4,24,2,4,32.40949317,19.60580128,78,20.26167,0.710721946,0.800271739,0.519515362,0.540896924
221,192,28,1,28,6,0,1,9,0,0,2,1,4,4,2,19,2,2,2.951745115,1.475818502,73,19.63382,0.113590718,0.079719935,0.493133726,0.528013928
224,192,28,1,28,6,1,1,3,0,0,2,1,4,4,2,19,2,2,13.88965025,5.887093043,100,25.66207,0.423814272,0.424522146,0.628784015,0.644005221
226,192,28,1,28,10,0,1,8,0,0,2,1,4,4,2,19,2,2,1.094138041,1.032476199,6,3.06931,0.002691466,0.003440141,0,0.026994762
227,192,28,1,28,10,0,1,1,0,0,2,1,4,4,2,19,2,2,2.451371033,1.674546093,37,12.64347,0.088901651,0.107855324,0.277186542,0.366679433
229,192,28,1,28,10,1,1,8,0,0,2,1,4,4,2,19,2,2,1.061194216,1.015427511,11,5.21327,0,0,0.060296516,0.128338427
231,192,28,1,35,3,1,0,0,0,0,2,3,4,14,6,29,1,5,14.15442994,7.00273626,88,21.86403,0.429089131,0.473964418,0.57044871,0.572855571
232,192,28,1,35,3,1,0,0,0,0,2,3,4,14,6,29,1,5,7.689230973,4.980602541,59,15.89699,0.279402883,0.378282092,0.415376371,0.446410013
233,192,28,1,35,3,1,0,0,0,0,2,3,4,14,6,29,1,5,15.35944696,8.686711246,85,22.82739,0.452435264,0.537487109,0.555407862,0.591479851
234,192,28,1,35,3,0,0,0,0,0,2,3,4,14,6,29,1,5,10.34775347,5.627692326,77,19.71592,0.347125738,0.411927137,0.514290988,0.529710727
238,192,28,1,32,8,0,1,3,0,0,2,2,4,9,4,24,2,4,30.08904423,17.63682946,115,29.47997,0.680966807,0.763951874,0.698129144,0.710143975
239,192,28,1,32,8,1,1,1,0,0,2,2,4,9,4,24,2,4,25.81579416,14.53124979,100,26.61139,0.622668523,0.69920114,0.628784015,0.660908296
241,206,42,0,35,4,1,0,0,0,0,1,3,5,15,5,15,1,5,14.54676199,9.411522324,54,14.1253,0.436806222,0.561728522,0.385962929,0.404185618
242,206,42,0,35,4,0,0,0,0,0,1,3,5,15,5,15,1,5,11.97085211,7.169699821,53,15.09943,0.383814946,0.480794142,0.379959609,0.42772494
243,206,42,0,35,4,0,0,0,0,0,1,3,5,15,5,15,1,5,15.14550864,9.360598787,69,17.84013,0.44836595,0.560076641,0.471536965,0.489968372
244,206,42,0,35,4,1,0,0,0,0,1,3,5,15,5,15,1,5,15.58351596,10.48118825,58,15.19138,0.456663987,0.594830137,0.409570863,0.429905136
246,206,42,0,32,12,0,0,0,0,0,1,2,5,10,3,10,1,3,11.65131077,5.754984245,66,16.38955,0.37681901,0.418166222,0.455029831,0.457704538
247,206,42,0,32,12,1,0,0,1,0,1,2,5,10,3,10,1,3,13.29052285,6.142172131,72,17.58994,0.411670776,0.43646848,0.487777044,0.484504706
249,206,42,0,32,12,0,0,0,0,0,1,2,5,10,3,10,1,3,15.97068616,7.110332839,82,19.2052,0.463892734,0.478380887,0.540166571,0.51909433
250,206,42,0,32,12,0,0,0,0,0,1,2,5,10,3,10,1,3,12.44275346,5.079895054,79,19.59316,0.3939613,0.383670669,0.524714679,0.527172209
252,206,42,0,28,9,1,0,0,0,0,1,1,5,5,1,5,1,1,11.96146846,5.23839467,71,18.6279,0.383610977,0.392095004,0.482392388,0.506913863
253,206,42,0,28,9,1,0,0,0,0,1,1,5,5,1,5,1,1,10.31219432,4.332239699,70,18.77641,0.3462877,0.340736184,0.476979215,0.510065995
254,206,42,0,28,9,0,0,0,0,0,1,1,5,5,1,5,1,1,16.95584603,7.11458877,91,23.13315,0.481862605,0.478554441,0.585298455,0.597304405
255,206,42,0,28,9,0,0,0,0,0,1,1,5,5,1,5,1,1,9.472891075,4.023279144,68,18.29835,0.326025927,0.321186843,0.466065055,0.499871692
256,206,42,0,28,7,0,0,0,0,0,1,1,5,5,1,5,1,1,12.13258854,5.164049867,69,18.10331,0.387316819,0.388170113,0.471536965,0.495672475
257,206,42,0,28,7,0,0,0,0,0,1,1,5,5,1,5,1,1,11.8799325,5.152612019,75,19.18025,0.381834945,0.387562143,0.503765257,0.518571916
258,206,42,0,28,7,0,0,0,0,0,1,1,5,5,1,5,1,1,9.632895746,4.261524187,77,19.26576,0.329962602,0.336365707,0.514290988,0.520360881
259,206,42,0,28,7,0,0,0,0,0,1,1,5,5,1,5,1,1,7.917900759,3.366974682,71,17.95227,0.285691101,0.27515782,0.482392388,0.492404234
260,206,42,0,28,7,1,0,0,0,0,1,1,5,5,1,5,1,1,17.58582932,8.217336993,84,21.20929,0.493054252,0.520882868,0.550350187,0.559950675
261,206,42,0,35,2,1,0,0,0,0,1,3,5,15,5,15,1,5,19.74563393,13.17215599,68,16.59045,0.529834385,0.667202599,0.466065055,0.462259997
262,206,42,0,35,2,0,0,0,0,0,1,3,5,15,5,15,1,5,9.430384662,4.311703411,63,14.74926,0.324973983,0.339473068,0.438238797,0.419357689
263,206,42,0,35,2,0,0,0,0,0,1,3,5,15,5,15,1,5,20.91485468,13.66190041,67,16.77974,0.548824864,0.679034313,0.460562885,0.466525771
265,206,42,0,35,2,1,0,0,0,0,1,3,5,15,5,15,1,5,28.13430134,19.59272097,51,11.38657,0.654905927,0.800040597,0.367823948,0.333013166
266,206,42,0,32,5,1,0,0,0,0,1,2,5,10,3,10,1,3,13.81567563,6.55721299,75,20.84635,0.422330707,0.455059133,0.503765257,0.552706931
267,206,42,0,32,5,1,0,0,0,0,1,2,5,10,3,10,1,3,20.75081106,11.72329773,82,21.52912,0.546196319,0.629937306,0.540166571,0.566280248
268,206,42,0,32,5,1,0,0,1,0,1,2,5,10,3,10,1,3,20.68914425,12.86649722,78,20.02377,0.545205249,0.659632969,0.519515362,0.536040403
269,206,42,0,32,5,1,0,0,0,0,1,2,5,10,3,10,1,3,20.47621672,11.86709781,80,21.39121,0.541770664,0.633800661,0.529889373,0.563557046
270,206,42,0,32,5,1,0,0,0,0,1,2,5,10,3,10,1,3,18.21167301,9.954201892,85,22.33856,0.503956072,0.578889194,0.555407862,0.582082176
271,206,42,1,35,11,1,0,0,0,0,2,3,5,15,6,30,1,5,27.87916422,16.65854965,97,25.13932,0.651431786,0.744645955,0.614458435,0.634557063
272,206,42,1,35,11,1,0,0,0,0,2,3,5,15,6,30,1,5,7.640560538,4.812499472,54,15.94037,0.278051264,0.368953704,0.385962929,0.44741204
273,206,42,1,35,11,0,0,0,0,0,2,3,5,15,6,30,1,5,15.57711132,7.530946033,82,22.2498,0.456543582,0.495133333,0.540166571,0.580364236
274,206,42,1,35,11,1,0,0,0,0,2,3,5,15,6,30,1,5,15.2152941,7.86392817,80,21.02533,0.449696791,0.507856483,0.529889373,0.55628731
275,206,42,1,35,11,1,0,0,0,0,2,3,5,15,6,30,1,5,1.776144264,1.407193148,11,3.51033,0.050678558,0.069275592,0.060296516,0.050318309
276,206,42,1,32,1,0,0,0,0,0,2,2,5,10,4,25,1,3,21.6218077,11.44953637,105,26.43141,0.560024941,0.622473031,0.652306958,0.657728292
277,206,42,1,32,1,1,0,0,0,0,2,2,5,10,4,25,1,3,10.22531869,4.942328719,96,24.08657,0.344233555,0.376181297,0.609646451,0.615211483
278,206,42,1,32,1,1,1,9,0,0,2,2,5,10,4,25,2,4,23.81170336,12.59412165,108,27.22106,0.59349398,0.652761545,0.666219082,0.671597263
279,206,42,1,32,1,1,1,7,0,0,2,2,5,10,4,25,2,4,8.72959624,4.437627624,82,22.53438,0.30724031,0.347141571,0.540166571,0.585859619
280,206,42,1,32,1,0,1,2,0,0,2,2,5,10,4,25,2,4,4.152471138,2.534670079,59,16.66593,0.164703034,0.204668517,0.415376371,0.463964036
281,206,42,1,28,6,1,0,0,0,0,2,1,5,5,2,20,1,1,3.837414629,2.446397174,49,14.41689,0.152179687,0.19611236,0.355508447,0.411318737
282,206,42,1,28,6,1,1,14,0,0,2,1,5,5,2,20,2,2,53.77946294,30.33074161,135,32.66798,0.942367746,0.957320148,0.785516589,0.761994705
283,206,42,1,28,6,1,1,12,0,0,2,1,5,5,2,20,2,2,1.393138438,1.119090661,14,5.03633,0.025314637,0.020226343,0.091402297,0.12092782
284,206,42,1,28,6,1,0,0,0,0,2,1,5,5,2,20,1,1,11.74413845,4.143856743,73,19.87935,0.378862109,0.328958988,0.493133726,0.533077406
285,206,42,1,28,6,0,1,12,0,0,2,1,5,5,2,20,2,2,32.87744326,15.75499872,139,34.21815,0.716579032,0.725965134,0.802394497,0.78624632
287,206,42,1,28,10,0,1,4,0,0,2,1,5,5,2,20,2,2,1.124461075,1.033941293,22,7.83001,0.005129693,0.00373358,0.163972815,0.225430305
289,206,42,1,28,10,1,1,7,0,0,2,1,5,5,2,20,2,2,1.063376505,1.017657008,8,3.72974,0.000179699,0.000452571,0.025787333,0.06134833
290,206,42,1,28,10,1,1,6,0,0,2,1,5,5,2,20,2,2,1.064914384,1.016717151,17,6.22643,0.000306213,0.000261887,0.120084894,0.168434136
292,206,42,1,35,3,1,0,0,0,0,2,3,5,15,6,30,1,5,24.6926711,15.03761204,96,25.97348,0.606478746,0.71049293,0.609646451,0.649585657
293,206,42,1,35,3,0,0,0,0,0,2,3,5,15,6,30,1,5,16.53692321,9.084009469,84,21.23288,0.474293337,0.550972778,0.550350187,0.560419235
294,206,42,1,35,3,1,0,0,0,0,2,3,5,15,6,30,1,5,25.64378372,17.99548219,100,25.33544,0.620214479,0.770808681,0.628784015,0.638113708
295,206,42,1,35,3,0,0,0,0,0,2,3,5,15,6,30,1,5,17.75142161,9.997813077,89,22.87631,0.495959256,0.580234489,0.575419419,0.592414489
299,206,42,1,32,8,0,1,1,0,0,2,2,5,10,4,25,2,4,25.01782149,12.42840064,103,26.83641,0.611206706,0.648520555,0.642949307,0.664868254
300,206,42,1,32,8,1,1,14,0,0,2,2,5,10,4,25,2,4,37.59255984,20.81830862,121,32.76,0.773202972,0.821165284,0.724904824,0.763450963
301,206,42,0,32,12,1,0,0,0,0,1,2,5,10,3,10,1,3,15.83478348,7.240446145,82,20.5411,0.461366426,0.483648531,0.540166571,0.546563169